1,"Traditionnel"
1,"Combiné 5-en-1"
1,"Bas de gamme"
2,"Traditionnel"
2,"Combiné 5-en-1"
2,"Bas de gamme"
3,"Traditionnel"
3,"Combiné 5-en-1"
3,"Bas de gamme"
4,"Traditionnel"
4,"Combiné 5-en-1"
4,"Bas de gamme"
5,"Traditionnel"
5,"Combiné 5-en-1"
5,"Bas de gamme"
6,"Traditionnel"
6,"Combiné 5-en-1"
6,"Bas de gamme"
7,"Traditionnel"
7,"Combiné 5-en-1"
7,"Bas de gamme"
8,"Traditionnel"
8,"Combiné 5-en-1"
8,"Bas de gamme"
9,"Traditionnel"
9,"Combiné 5-en-1"
9,"Bas de gamme"
10,"Traditionnel"
10,"Combiné 5-en-1"
10,"Bas de gamme"
