"485 707 293 00984","Leroux SA"
"656 511 730 00466","Rodriguez et Fils"
"732 783 006 00172","Marchand"
"903 545 168 00630","Samson François S.A.R.L."
"806 989 802 00889","Rodriguez Pruvost S.A."
"663 053 023 00227","Blanchet SA"
"143 839 744 00065","Seguin Dufour SA"
"585 157 266 00784","Maury Poirier SA"
"122 750 466 00817","Albert"
"177 606 720 00452","Jacob Valette S.A.R.L."
"343 648 101 00891","Voisin SA"
"763 143 559 00501","Hebert S.A.R.L."
"522 961 648 00444","Mercier"
"448 204 230 00347","Dubois Renard SARL"
"117 971 010 00543","Nguyen"
"967 525 734 00190","Carpentier Rey S.A.S."
"160 655 296 00863","Cohen"
"987 157 369 00826","Collin Perret S.A.R.L."
"019 240 670 00703","Lefort et Fils"
"055 689 806 00671","François Rolland SA"
"736 373 184 00927","Blanc"
"871 761 730 00633","Delmas S.A.S."
"969 972 645 00606","Laroche Couturier SA"
"474 998 036 00641","Goncalves S.A."
"647 010 149 00043","David"
"986 746 253 00673","Vincent S.A.R.L."
"328 171 855 00401","Sauvage"
"155 537 392 00815","Neveu Godard S.A.S."
"373 267 756 00816","Roy S.A.R.L."
"024 267 973 00238","Vincent SA"
"294 180 336 00256","Guyon SARL"
"198 219 883 00750","Masson"
"250 844 438 00847","Gilles Couturier SA"
"176 166 445 00252","Goncalves"
"510 347 404 00301","Pichon"
"987 553 765 00858","Aubry"
"872 694 732 00811","Delorme"
"400 049 870 00084","Martins"
"681 414 181 00526","Rossi"
"852 469 287 00803","Dupuy"
"340 051 895 00662","Martel Lucas S.A.S."
"967 421 694 00746","Roche Bousquet S.A.S."
"997 919 360 00138","Weiss François S.A."
"887 213 320 00708","Boulay"
"919 210 526 00753","Simon SARL"
"714 797 776 00719","Baudry Barbier SA"
"864 369 699 00276","Bouvier Torres SARL"
"804 420 891 00124","Chevallier S.A.S."
"777 026 493 00778","Moreno Bailly S.A.R.L."
"309 349 272 00539","Joubert et Fils"
"697 099 018 00700","Maury"
"635 800 048 00905","Bigot SARL"
"844 875 989 00916","Jacob"
"744 022 666 00039","Giraud"
"006 105 753 00914","Descamps"
"829 060 821 00990","Arnaud"
"508 287 000 00022","Bertin"
"810 211 961 00927","Techer et Fils"
"383 782 836 00381","Collin S.A.S."
"992 139 238 00495","Dos Santos SARL"
"009 198 532 00393","Pereira"
"379 170 533 00051","Lelièvre"
"020 537 429 00274","Dupont Hardy S.A.S."
"578 697 807 00688","Delannoy"
"746 461 144 00964","Lopes"
"042 559 534 00468","Chauveau SARL"
"586 517 666 00366","Rousseau SA"
"740 283 924 00968","Pires"
"303 645 048 00503","Evrard"
"149 634 289 00735","Lemaître"
"660 257 833 00674","Carre et Fils"
"523 023 893 00762","Rodriguez"
"565 286 937 00653","Dupré Rivière et Fils"
"389 148 883 00462","Potier"
"628 138 810 00021","Meunier"
"823 132 469 00011","Laurent"
"415 817 386 00014","Masson"
"683 948 111 00516","Perrot S.A.S."
"821 246 683 00477","Dupuy"
"017 194 739 00391","Pineau"
"339 917 643 00746","Julien Bonneau SARL"
"381 514 066 00863","Jacquot"
"137 324 059 00351","Da Costa SA"
"201 576 139 00178","Ramos Cousin SARL"
"439 889 205 00167","Humbert"
"513 668 970 00249","Monnier Pelletier et Fils"
"339 274 623 00976","Vincent"
"714 151 503 00873","Poirier"
"863 495 586 00829","Guillet"
"458 701 695 00132","Weber SA"
"554 319 483 00612","Joly Girard SARL"
"391 195 203 00081","Duval"
"723 123 402 00908","Gaudin SARL"
"984 270 397 00792","Vidal Guilbert S.A.R.L."
"989 675 046 00068","Foucher"
"142 756 949 00467","Roy"
"609 668 090 00333","Bousquet"
"294 328 372 00486","Da Costa S.A.S."
"395 844 483 00903","Bodin"
"787 529 015 00929","Dias"
"071 912 455 00426","Chauvet Aubert S.A.S."
"586 370 926 00576","Fischer S.A.S."
"819 943 663 00172","Lacombe"
"475 890 729 00266","Aubry"
"849 736 178 00633","Renaud Pascal S.A.R.L."
"494 598 063 00449","Brun"
"022 121 032 00506","Adam SARL"
"456 286 822 00329","Benoit"
"715 016 028 00477","Rodrigues"
"268 832 433 00059","Faivre Germain et Fils"
"895 686 475 00875","Samson"
"788 123 719 00841","Caron"
"450 944 798 00203","Leblanc"
"941 353 435 00154","Gay"
"259 968 519 00258","Michaud et Fils"
"017 923 087 00971","Ollivier Torres S.A."
"570 969 626 00482","Imbert"
"834 082 406 00986","Cohen Briand S.A."
"567 725 734 00600","Gomez Leblanc S.A.R.L."
"198 413 213 00705","Martin"
"785 341 132 00542","Delahaye SA"
"339 222 341 00473","Maury Vallet S.A.R.L."
"040 554 925 00178","Bailly S.A."
"180 824 997 00639","Texier SARL"
"732 126 792 00660","Couturier S.A."
"865 531 982 00748","Fernandez SARL"
"844 016 758 00899","Mahe S.A.R.L."
"430 873 570 00872","Masse S.A.R.L."
"116 857 459 00758","Weber"
"339 342 172 00790","Lemoine"
"335 794 467 00712","Charles"
"709 799 662 00859","Thierry Prévost SA"
"833 798 002 00964","Ferrand"
"372 624 684 00489","Gilles Dos Santos S.A."
"873 605 026 00467","Fleury"
"758 174 585 00623","Richard"
"351 646 047 00909","Imbert"
"094 761 319 00303","Blanchard Garcia S.A.S."
"164 940 165 00578","Barbier"
"078 756 814 00220","Pineau Marion SARL"
"090 101 155 00381","Muller"
"799 555 693 00974","Daniel"
"551 796 600 00791","Clément S.A.R.L."
"945 608 826 00117","Fouquet Delattre S.A."
"666 976 386 00191","Chauvet"
"931 150 023 00923","Loiseau"
"561 179 409 00629","Godard Pineau S.A.S."
"947 064 465 00034","Guillon SARL"
"633 987 177 00068","Petitjean Lemaire et Fils"
"604 836 619 00881","Maurice"
"392 528 709 00687","Rivière"
"991 061 565 00974","Dubois"
"548 809 466 00855","Verdier Barre et Fils"
"130 232 143 00052","Benard et Fils"
"545 892 580 00097","Breton"
"550 325 187 00130","Garnier Leduc S.A."
"112 950 217 00581","Prévost Schneider et Fils"
"127 762 276 00757","Torres Noël S.A.R.L."
"082 510 173 00741","Bazin S.A.S."
"789 419 512 00353","Bonneau"
"850 506 965 00944","Marchand"
"332 801 380 00558","Pinto"
"437 362 650 00271","Delannoy Lebreton SA"
"430 845 826 00063","Vincent Guillet SA"
"278 906 409 00083","Bouchet Rémy S.A."
"994 789 667 00791","David"
"905 641 247 00309","Collet"
"195 635 487 00273","Carre Benard et Fils"
"841 819 436 00475","Jean"
"838 184 539 00743","Allard"
"782 333 405 00291","Robert Girard S.A."
"382 972 966 00578","Bernier Dias SA"
"121 827 422 00662","Mary"
"735 603 649 00329","Lefèvre"
"032 592 438 00579","Denis Noël SARL"
"304 741 630 00624","Parent"
"304 722 606 00908","Nguyen"
"705 479 145 00488","Lemoine"
"062 416 888 00550","Barbier"
"052 754 298 00603","Pineau Guérin SA"
"909 508 095 00561","Denis"
"827 956 483 00941","Monnier"
"288 934 193 00484","Hernandez S.A.R.L."
"011 362 431 00170","Laine SARL"
"893 874 594 00276","Lecomte Rolland SA"
"414 610 501 00671","Vallée"
"254 200 108 00549","Labbé"
"851 878 744 00974","Denis"
"615 319 688 00987","Pierre Foucher SA"
"603 613 407 00619","Gaillard"
"119 043 578 00341","Hernandez"
"792 436 735 00742","Mace"
"725 555 726 00522","Richard Jacquot S.A."
"105 065 981 00927","Baron S.A.R.L."
"954 161 600 00588","Breton"
"971 944 939 00356","Bonnet Weber S.A."
"328 266 937 00619","Turpin S.A.S."
"099 755 936 00160","Becker et Fils"
"384 572 749 00040","Masse"
"584 664 866 00616","Guillet"
"409 843 216 00360","Robin S.A."
"585 879 562 00734","Bouvier"
"464 452 598 00590","Marin"
"782 091 144 00892","Henry S.A."
"101 957 918 00028","Léger"
"090 548 298 00513","Ruiz"
"092 092 824 00850","Regnier S.A.S."
"262 453 467 00595","Boulanger S.A."
"427 581 939 00134","Leroux Lesage et Fils"
"866 466 683 00541","Brunel"
"719 770 125 00503","Lefort S.A.R.L."
"687 047 514 00447","Laroche"
"248 288 185 00379","Louis S.A."
"223 883 307 00256","Michel"
"049 564 818 00356","Dumas S.A."
"800 787 905 00812","Garnier Lagarde S.A.R.L."
"005 016 340 00258","Marques Blot SARL"
"890 857 493 00021","Valentin"
"276 527 090 00415","Pichon"
"809 307 051 00114","Gonzalez"
"504 841 065 00502","Masse Benoit S.A.R.L."
"263 577 454 00576","Berger"
"654 439 645 00783","Guibert Godard S.A."
"117 171 850 00086","Alves et Fils"
"399 817 139 00658","Philippe"
"106 194 038 00449","Perrier"
"375 127 032 00007","Gonzalez"
"895 750 271 00929","Bailly"
"172 398 893 00419","Jacquet Weber et Fils"
"123 504 920 00661","Maury"
"267 362 184 00132","Fabre Bruneau SA"
"386 029 664 00201","Barbe"
"049 759 962 00787","Lecoq"
"002 470 565 00256","Leduc"
"529 615 338 00835","Guérin"
"329 921 704 00519","Lemaître"
"076 576 966 00311","Collet et Fils"
"541 054 177 00384","Raymond Lecoq S.A.R.L."
"154 024 764 00669","Bernier"
"404 643 058 00393","Bourgeois SARL"
"166 273 227 00750","Martins"
"443 648 563 00601","Lacombe Marty SARL"
"499 672 996 00042","Pierre"
"980 553 531 00180","Andre Faure SARL"
"957 698 285 00435","Barre Simon SA"
"727 613 432 00150","Hoarau"
"860 579 135 00507","Maurice S.A.R.L."
"214 230 104 00322","Gay S.A.S."
"145 259 545 00955","Thierry Martinez et Fils"
"216 359 497 00940","Moreau"
"113 497 390 00832","Loiseau"
"511 662 157 00342","Dupont Pires S.A."
"628 224 958 00767","Chrétien"
"016 614 281 00257","Voisin S.A.S."
"197 517 634 00683","Chartier"
"703 348 672 00675","Guichard"
"756 027 132 00262","Menard"
"673 818 639 00159","Cousin"
"944 053 982 00517","Guérin Gautier S.A."
"921 238 275 00082","Guillaume Fleury S.A.S."
"739 141 810 00153","Lejeune Lagarde S.A.R.L."
"911 303 683 00922","Laine"
"459 410 254 00831","Pruvost"
"975 011 495 00762","Jacques"
"456 390 152 00308","Martinez"
"471 786 780 00000","Bousquet"
"108 352 519 00004","Barre"
"114 591 969 00398","Sanchez"
"487 866 022 00758","Fischer"
"420 113 219 00059","Wagner"
"090 490 681 00039","Dias et Fils"
"429 165 277 00154","Navarro"
"304 190 960 00167","Brun Peron S.A.R.L."
"107 654 857 00294","Blondel SARL"
"769 971 839 00113","Grenier Weber S.A."
"404 580 060 00741","Menard"
"490 628 948 00153","Guillon"
"224 554 865 00515","Maillet S.A.R.L."
"101 728 137 00833","Charrier"
"890 639 628 00795","Valentin S.A.S."
"454 739 897 00865","Guillaume S.A.S."
"849 267 539 00799","Vincent Pichon SARL"
"826 263 139 00998","Turpin S.A."
"860 538 933 00422","Noël Guérin S.A."
"210 188 835 00115","Delorme"
"702 389 032 00369","Lamy S.A.R.L."
"034 859 017 00773","Michel S.A.S."
"424 833 457 00775","Teixeira Jacquot SARL"
"872 019 666 00694","Tessier SA"
"483 882 742 00875","Boutin"
"094 537 156 00880","Dupuis SA"
"687 916 874 00245","Martineau Andre S.A."
"260 082 052 00325","Petitjean S.A.S."
"461 329 633 00238","Reynaud Aubry S.A."
"745 073 361 00297","Leclerc Paul S.A.S."
"884 870 130 00629","Pierre Dias S.A."
"577 797 954 00572","Poirier S.A."
"962 234 662 00725","Pineau Riou S.A."
"235 546 413 00099","Godard Colin S.A."
"018 810 879 00793","Pinto Charrier S.A.R.L."
"484 077 599 00922","Leconte Guillon et Fils"
"402 794 259 00273","Hernandez"
"079 341 012 00890","Ferreira"
"084 966 993 00721","Olivier Lévy SA"
"357 770 908 00204","Gros Petitjean S.A."
"930 490 974 00753","Schneider Royer et Fils"
"447 936 766 00065","Pasquier Perrot S.A.S."
"596 244 392 00400","Denis SA"
"199 183 658 00558","Jacquet Joly et Fils"
"122 946 742 00816","Guillet"
"264 962 218 00006","Rocher S.A."
"284 780 186 00755","Hamel"
"092 937 523 00949","Duhamel Huet SA"
"426 743 514 00389","Benoit"
"087 636 577 00220","Lefort"
"106 516 347 00486","Robin"
"540 105 392 00794","Munoz"
"760 362 145 00772","Benoit SARL"
"131 918 427 00900","Le Goff Delannoy SA"
"676 224 769 00536","Morvan"
"787 562 990 00244","Barthelemy"
"316 080 290 00109","Guibert SA"
"641 406 699 00695","Lopes Duhamel S.A.S."
"984 419 150 00094","Diaz"
"876 279 407 00400","Jacquet SARL"
"391 740 792 00604","Foucher"
"539 449 611 00414","Berthelot"
"408 073 625 00282","Launay"
"782 362 545 00587","Goncalves"
"902 642 693 00243","Collet Michel et Fils"
"873 849 368 00287","Laroche S.A.R.L."
"642 521 256 00999","Lecoq"
"436 088 108 00697","Imbert"
"853 900 637 00564","Andre Grondin et Fils"
"258 753 144 00587","Gilbert Leclercq SARL"
"068 406 313 00533","Marchand et Fils"
"846 511 095 00651","Goncalves"
"959 969 460 00952","Moreno Lefèvre S.A.S."
"095 097 069 00884","Grégoire"
"222 790 040 00661","Mace SARL"
"435 734 454 00513","Pottier"
"667 121 362 00681","Fernandes SA"
"069 668 499 00416","Potier"
"544 039 779 00084","Payet"
"044 458 719 00422","Leclerc"
"771 742 962 00976","Vaillant S.A."
"589 439 066 00061","Boyer"
"625 290 184 00450","Albert Mercier SA"
"535 379 564 00581","Baron"
"142 745 488 00973","Carpentier Da Costa S.A."
"038 297 479 00180","Bonneau"
"677 591 158 00774","Robert"
"963 993 209 00823","Rossi"
"217 921 717 00815","Pelletier"
"168 570 679 00295","Antoine S.A.S."
"556 907 434 00949","Rolland Marion S.A."
"204 417 182 00167","Hervé Lacombe S.A.R.L."
"565 241 569 00765","Schneider Morvan S.A.R.L."
"945 600 724 00708","Riou Loiseau SARL"
"231 570 797 00580","Guérin Boulanger SARL"
"540 426 897 00117","Buisson"
"876 247 602 00389","Guichard"
"280 236 886 00253","Blin"
"955 719 406 00881","Blanc"
"715 298 238 00836","Duval Mathieu SARL"
"562 283 051 00141","Millet SA"
"239 751 340 00229","Peltier Marchal SA"
"257 637 033 00206","Charrier"
"678 483 173 00004","Chevalier et Fils"
"693 318 503 00291","Lucas"
"071 392 625 00431","Gosselin Boutin S.A.S."
"525 196 267 00336","Hubert Chauvet S.A.S."
"582 673 471 00212","Ledoux"
"115 424 517 00247","Rivière"
"798 892 725 00010","Andre Dupuy SARL"
"536 090 434 00971","Leclercq Perrier S.A.R.L."
"688 600 543 00757","Letellier S.A.R.L."
"452 726 516 00910","Joubert SA"
"354 226 474 00287","Bazin Richard SARL"
"780 182 747 00300","Dufour"
"321 318 792 00439","Paris"
"925 240 244 00143","Delahaye S.A.S."
"143 739 043 00188","Baron et Fils"
"707 784 393 00647","Joseph"
"781 431 317 00473","Monnier"
"011 841 723 00718","Moulin"
"254 016 728 00894","Maréchal SA"
"443 614 466 00342","Martineau"
"622 311 926 00209","Lebrun Michaud SA"
"688 316 785 00841","Normand"
"470 792 334 00794","Teixeira et Fils"
"376 721 239 00402","Guichard S.A."
"532 038 056 00281","Barre"
"535 675 516 00715","Gilles SARL"
"626 425 797 00232","Munoz"
"441 648 227 00367","Fouquet S.A.S."
"393 754 601 00317","Perrin"
"850 295 668 00782","Richard Moreno S.A."
"585 519 929 00764","Carpentier Buisson SA"
"202 959 474 00661","Blanc"
"863 214 649 00304","Marchal SARL"
"925 448 029 00775","Morin"
"887 994 283 00976","Grenier S.A.S."
"977 571 942 00993","Briand"
"905 131 629 00248","François"
"742 705 858 00238","Jacquot"
"014 785 026 00973","Dupuy S.A.S."
"642 969 547 00701","Laroche"
"441 557 113 00293","Turpin S.A."
"620 064 782 00134","Colas Guibert S.A."
"189 148 562 00789","Blondel"
"672 530 060 00306","Riou"
"112 778 956 00410","Girard"
"770 281 731 00339","Marie S.A.R.L."
"906 639 521 00606","Caron"
"243 238 888 00610","Leroux Gautier S.A.R.L."
"624 711 586 00187","Grenier SARL"
"599 801 867 00160","Alexandre"
"201 597 614 00514","Leduc S.A.R.L."
"940 774 250 00705","Bigot"
"637 485 996 00390","Rolland et Fils"
"350 283 453 00222","Maillet SA"
"818 959 967 00519","Buisson"
"976 177 659 00464","Costa Thierry S.A.S."
"961 586 732 00870","Pierre"
"986 794 550 00848","Bruneau"
"492 067 400 00639","Simon Coulon S.A.R.L."
"659 091 854 00300","Chauveau Rousset S.A.S."
"919 823 393 00500","Alves Chevalier SARL"
"995 003 159 00630","Marchand SA"
"841 343 494 00123","Giraud"
"310 880 620 00714","Riou"
"035 195 924 00853","Fernandez"
"396 625 980 00687","Letellier S.A.R.L."
"819 368 101 00245","Lebreton"
"813 245 677 00659","Hervé"
"822 460 994 00939","De Oliveira S.A.S."
"291 959 229 00068","Chauvin"
"849 291 026 00581","Arnaud Gimenez SARL"
"352 919 484 00407","Didier SA"
"465 773 455 00550","Gautier"
"108 463 506 00742","Allard SA"
"415 831 965 00827","Leroy"
"021 339 874 00527","Mahe"
"956 890 172 00433","Chauveau S.A.S."
"044 140 374 00180","Guilbert Barthelemy S.A.R.L."
"516 441 417 00024","Letellier S.A.S."
"064 546 856 00432","Delaunay"
"006 768 717 00511","Cordier"
"015 982 168 00591","Carlier S.A."
"591 771 860 00242","Maréchal SA"
"479 098 105 00493","Grondin"
"523 350 734 00167","Girard Jacquet S.A.R.L."
"717 134 357 00184","Renard"
"196 346 340 00421","Pages Blanc et Fils"
"636 999 807 00085","Torres S.A."
"883 543 902 00497","Chevalier"
"396 651 416 00572","Fernandes"
"470 882 325 00900","Maury Schmitt S.A.R.L."
"830 930 483 00599","Maillet"
"146 738 141 00572","Lefort"
"222 852 394 00576","Leleu"
"330 739 061 00969","Bonnet"
"729 253 617 00348","Bouvet"
"966 450 967 00452","Da Silva Rodrigues SA"
"078 973 211 00952","Chauvet"
"754 392 066 00512","Léger"
"155 976 616 00211","Mahe"
"103 112 207 00578","Dupont Denis S.A.R.L."
"644 046 823 00188","Arnaud Renault S.A."
"066 364 464 00363","Navarro et Fils"
"429 906 241 00188","Lesage"
"364 269 845 00830","Legendre"
"456 689 124 00877","Maillot"
"655 471 779 00828","Marin"
"638 903 682 00091","Moreno Menard et Fils"
"488 622 812 00664","Fournier Navarro S.A."
"536 755 283 00598","Gilbert Lefebvre SARL"
"662 108 422 00426","Benard"
"243 875 788 00719","De Sousa SARL"
"935 873 992 00140","Sanchez"
"767 314 909 00437","Roche"
"249 287 947 00512","Royer"
"386 300 842 00914","Gautier"
"451 936 074 00314","Da Silva Lebreton SA"
"860 278 878 00134","Didier Baudry et Fils"
"314 689 456 00320","Rodriguez et Fils"
"656 558 855 00671","Roger Maury SARL"
"147 176 804 00747","Philippe et Fils"
"486 473 432 00475","Roux S.A."
"027 539 543 00986","Dubois Grégoire S.A.R.L."
"811 230 259 00046","Descamps"
"231 450 560 00124","Paul"
"367 463 460 00645","Simon"
"304 654 973 00557","Bernard"
"498 538 784 00873","Grenier S.A."
"168 073 690 00674","Gosselin"
"601 931 900 00893","Valentin"
"409 144 581 00041","Joly"
"528 503 683 00120","Marie Martineau S.A."
