1,"R-1, Festin pauvre","2024-04-19 05:45:22.496396",4190
2,"R-2, Festin bon","2026-02-01 22:21:01.470183",919
3,"R-3, Festin trésor","2024-06-01 10:20:28.330646",1566
4,"R-4, Festin préférer","2024-07-22 20:41:16.894085",2550
5,"R-5, Festin six","2024-12-15 23:05:28.504694",3035
6,"R-6, Festin dessiner","2025-02-01 19:26:51.726021",1553
7,"R-7, Festin croiser","2024-09-07 03:56:22.769882",2098
8,"R-8, Festin monde","2025-07-02 12:01:58.830223",2046
9,"R-9, Festin discussion","2024-10-11 12:15:46.165045",1753
10,"R-10, Festin tombe","2024-05-31 11:08:38.537097",2044
